"ID","Untreated_1","Untreated_3","Untreated_4","RNAi_1","RNAi_3","RNAi_4","padj","log2FoldChange","pvalue","foldChange","log10padj"
"FBtr0342811",6239.00403235523,6980.5455170192,5823.9030343393,817.945073592333,766.752116741749,788.712814084822,0.000125741949584061,-3.00052757184011,7.09221485375945e-09,0.124954297740134,3.90051981035265
"FBtr0073421",4856.50942569297,4819.45333541672,5327.99500053582,542.647100563082,411.167771562967,543.00430426876,0.000125741949584061,-3.33587172897741,2.12019923983915e-08,0.0990381565257703,3.90051981035265
"FBtr0100457",1280.6233924346,1346.15618006072,1204.52401102554,178.126016297299,194.086669262398,185.37477876486,0.000125741949584061,-2.78117324331126,2.04124978771594e-08,0.145473346859053,3.90051981035265
"FBtr0089348",1650.22580239527,1684.85347527861,1541.7792688718,405.187810273068,428.172444060467,415.544166947253,0.000142231046556835,-1.96529873722454,3.87578090507464e-08,0.256086172794531,3.84700559434733
"FBtr0084549",1103.19205787865,1107.21820553663,1226.22551787602,157.236166184555,127.541226634042,142.16811277276,0.000142231046556835,-3.01404161883968,3.99705054397581e-08,0.123789287869047,3.84700559434733
"FBtr0300190",1051.54726585495,1172.58316433198,1041.54566612152,149.741398641205,113.852482722016,137.502255586277,0.000198909820308725,-3.03048189317297,7.81853802017323e-08,0.122386650427003,3.70134377494189
"FBtr0113470",767.535462593449,823.456110389121,764.366743722295,139.169566375354,151.763374149234,125.404248246793,0.000198909820308725,-2.50300155035156,8.54805727271115e-08,0.176409290852713,3.70134377494189
"FBtr0075753",3388.21462645523,3945.03628562167,3315.6932568097,1012.53637996315,919.001349056091,897.440986119136,0.000317363998431511,-1.91040738290388,2.22913432157713e-07,0.266017417989494,3.49844234087458
"FBtr0334328",1929.81280130486,1908.19668857089,2129.49676608707,687.521790066769,725.136242966843,662.716177229158,0.000317363998431511,-1.5226211949953,2.58051196774312e-07,0.348052973402338,3.49844234087458
"FBtr0089484",608.069947278062,656.738583785445,627.289150770408,139.545768282095,121.120938219728,112.921550525791,0.000317363998431511,-2.34167870648133,1.78963026612022e-07,0.197280640449117,3.49844234087458
"FBtr0087533",5002.01531785758,5197.22301336376,5269.89175981742,2532.14133875154,2531.929394301,2622.94502347012,0.000337905508224052,-1.00915091764761,3.52782662704807e-07,0.496838570583054,3.47120472869917
"FBtr0077409",787.305506479633,823.324730109633,809.15617822133,213.122833054113,215.380074913939,253.680299595921,0.000337905508224052,-1.83160550487818,3.22888742118045e-07,0.280951789606501,3.47120472869917
"FBtr0072956",6657.41933070314,8129.83816231786,6796.57330929087,1718.90644724484,1501.74767142273,1321.25844186073,0.000337905508224052,-2.25080522077601,3.93208062878103e-07,0.210106802803712,3.47120472869917
"FBtr0308065",1252.51721043451,1202.21720106986,1339.39174847323,460.517329423601,416.018318310549,446.419611546745,0.000337905508224052,-1.51952926435106,3.98988876658998e-07,0.348799707560638,3.47120472869917
"FBtr0070985",586.046574378748,605.629899692574,529.814951392248,80.7766380975159,102.678823013926,98.8135431723147,0.000317363998431511,-2.61553872739486,2.67561824217214e-07,0.16317153092361,3.49844234087458
"FBtr0072393",909.211691598269,959.437718307292,1053.06495236653,258.807969239196,213.952030697864,218.217091041263,0.000337905508224052,-2.08146875805623,4.17823807381359e-07,0.236273747044258,3.47120472869917
"FBtr0072864",1479.81036622158,1413.32797968065,1476.27796725468,651.9185662357,655.075070885179,680.104976725265,0.000348975317628725,-1.13711004125698,4.97229860267854e-07,0.454669444762671,3.45720528879073
"FBtr0073269",2517.73145199783,2643.99465022241,2319.54842974878,918.968192957326,781.144618397851,830.608938808789,0.000348975317628725,-1.56486840080013,5.10836961784259e-07,0.338008539183424,3.45720528879073
"FBtr0076459",247.523648969923,266.496353937248,255.960939804924,52.9304043887079,48.8960899178117,51.1044725655437,0.000317363998431511,-2.34034924092345,2.39838297073384e-07,0.19746252136845,3.49844234087458
"FBtr0302694",1477.3167342893,1700.16718037286,1597.91436224151,496.020975427348,399.926290856449,437.931747289228,0.000348975317628725,-1.84306910055795,5.28766046405402e-07,0.27872820415729,3.45720528879073
"FBtr0083967",381.370098964525,374.336823564915,402.020295018173,96.1950777594591,96.4375052233184,103.587070049235,0.000337905508224052,-1.9643194682409,3.67916857645541e-07,0.256260057343439,3.47120472869917
"FBtr0290019",3090.34481060029,3305.14138655584,3429.82916479768,1238.70915368585,1012.06794681172,1160.91920972563,0.000422727638203971,-1.53013745825724,6.89023241227246e-07,0.34624437570625,3.37393935679109
"FBtr0077234",2853.6939391273,3181.94379240123,2874.63404626709,1377.64952887485,1339.7793595153,1358.37959497478,0.000432104966293888,-1.12671346359924,7.52880730390655e-07,0.457957790043231,3.36441074220153
"FBtr0112851",927.408849005273,958.337821435784,917.439537432064,364.225759951965,373.953322934864,318.990659411319,0.000467118592601899,-1.41062561033473,8.94662384389298e-07,0.376148538414365,3.33057284625598
"FBtr0087295",893.296208281657,878.741906944216,962.711613077457,383.847362163464,365.835189333139,359.345746137005,0.000467118592601899,-1.30180629529603,9.28030812334751e-07,0.405618034790674,3.33057284625598
"FBtr0071835",336.606564823934,398.92348344897,345.698017998489,69.2056267959219,52.6045811308304,53.0175397384723,0.000432104966293888,-2.64418563124906,7.46625258442787e-07,0.159963467942577,3.36441074220153
"FBtr0302695",954.90212502013,968.033491608487,934.668088314208,421.28476228511,376.75796213813,360.316934820938,0.000549797239388176,-1.30501680494827,1.19731939645924e-06,0.404716393987259,3.25979744514277
"FBtr0077645",2465.60343754917,2824.96925753534,2775.62109614024,594.295777416733,380.772672022887,373.628276706867,0.000568443792638535,-2.61160320122962,1.34187496014043e-06,0.163617254025061,3.24531247161606
"FBtr0075811",4575.0429301389,5095.11488116611,4470.90806303477,2175.23723979069,2283.65877616289,2287.07005964809,0.000580092109105674,-1.06621543120766,1.43458030579191e-06,0.477570149448814,3.23650304212622
"FBtr0330118",249.684518714408,253.981007612002,257.104279454225,79.4313872638348,71.3388083974939,79.1931915765137,0.000568443792638535,-1.72861618527921,1.31616368533729e-06,0.301741244521242,3.24531247161606
"FBtr0085735",94.1945838056947,102.280475514269,97.2957438885969,13.3990270579429,13.9876947197932,10.4699699272337,0.000422727638203971,-2.94928504121525,6.70576212504079e-07,0.129472262368915,3.37393935679109
"FBtr0087115",104.357923455124,108.381001033449,109.828358509783,24.157331200478,21.9224684485097,21.1979287139996,0.000467118592601899,-2.2652005897109,9.71413440100623e-07,0.208020758836775,3.33057284625598
"FBtr0299968",1173.80391780608,1239.89287337167,1414.56327927847,453.734590447933,419.046449339868,369.966552432637,0.000777857040332588,-1.62448467018577,2.33827740079241e-06,0.324325716928645,3.10910021316415
"FBtr0072561",222.760002207083,212.951402248518,233.453756752936,63.88140382109,69.0902551190109,72.3801831951196,0.000767781026159371,-1.7067753629566,2.22543782607117e-06,0.30634402902953,3.11476262461781
"FBtr0070393",295.04771556391,298.758222708178,311.301675265911,109.565202207696,109.210733148986,116.428102495093,0.000819996622128785,-1.43592340194283,2.53483668036663e-06,0.369610231282365,3.08618793663317
"FBtr0088370",79.222730356544,73.6436533267046,82.3251354588076,13.8627364735434,14.6482639373119,16.628836790596,0.000575594480215198,-2.3737076507297,1.3911062640093e-06,0.192949117337126,3.2398833794741
"FBtr0302896",174.200972053217,174.903097279879,181.294098891799,56.5629986535905,57.7324545608172,54.5061384328391,0.000777857040332588,-1.64743616266604,2.36085207834756e-06,0.319206921001997,3.10910021316415
"FBtr0072087",819.591188631542,967.650025440773,844.603223589086,293.900477461792,263.306843566163,222.018455890477,0.000875367541524697,-1.76335377137259,3.05040397788507e-06,0.294562611739812,3.05780956098777
"FBtr0306556",322.842982273175,297.793190683631,348.976401265105,107.513711449934,107.01275927646,105.966708216175,0.000865338475826144,-1.59318877366268,2.89993570331477e-06,0.331438069251272,3.06281398567883
"FBtr0345142",3146.56082656459,3020.41533594326,2939.13574769279,1426.6652017397,1579.82965730478,1325.07988244181,0.000865338475826144,-1.07512827490836,2.93523800395856e-06,0.474628857737853,3.06281398567883
"FBtr0089963",794.989651761209,773.860568527576,697.830454577875,239.25949718061,294.996390656448,279.266427238503,0.000907342813547392,-1.48355592570226,3.36581754126168e-06,0.357606304035507,3.04222859617805
"FBtr0078191",2830.48862328657,2626.59050694355,2580.47303215976,1051.02584933928,1264.57232033724,1231.94296585325,0.000892619414500084,-1.18426614624661,3.21086120323771e-06,0.440048319830211,3.04933367147425
"FBtr0301403",2023.56179455344,2034.46812051584,2289.51837104456,1021.7414163894,1054.45032273463,1081.97994062944,0.000900558164232334,-1.00485557135468,3.2900337609657e-06,0.498320015887339,3.0454882322177
"FBtr0071934",1297.0069311127,1258.97544729792,1549.89986842302,518.428596990097,508.953675663438,468.299660897969,0.000923065915499957,-1.45315467793712,3.4760238499605e-06,0.365221935422281,3.03476728519752
"FBtr0290077",866.296805277099,1070.30379477631,978.302097591498,355.379607249185,297.378327273355,318.27023867352,0.000936535859424089,-1.58466355038724,3.66979061773531e-06,0.333402412683973,3.02847558908228
"FBtr0334867",893.249087776953,769.053793005217,939.765758686434,120.985253909272,136.353825568356,203.372471451572,0.00093964311032563,-2.5296001734274,3.74969991193344e-06,0.173186673586515,3.02703706623773
"FBtr0071240",133.363982593952,133.78437059123,156.207607305186,31.7082155497258,23.5865263870066,27.4091441855359,0.000865338475826144,-2.35411649375221,2.81004829973061e-06,0.195587151658964,3.06281398567883
"FBtr0330725",532.214749655948,535.892019439984,529.517927045363,249.33682249807,235.088587561729,212.173542378669,0.000965216138458474,-1.19968182445552,4.12300059143683e-06,0.435371288925298,3.01537542527872
"FBtr0070457",1304.97963290156,1460.26967087481,1261.71394479733,650.697013141935,604.222763143466,613.96910209646,0.000965216138458474,-1.10550603924577,3.97059193731695e-06,0.464739430861839,3.01537542527872
"FBtr0301500",172.53806062341,201.99847308398,200.316071065551,50.8781461759249,44.3698784101868,37.5405845203572,0.000936535859424089,-2.11779146557453,3.59406332457346e-06,0.230399347227843,3.02847558908228
"FBtr0332260",1067.50508098122,1214.57438285786,1270.88594608251,485.915177411318,419.835655911594,395.198368446514,0.000973473824605208,-1.4503693869837,4.26770224366042e-06,0.36592772002355,3.01167572157831
"FBtr0113113",433.614871739123,384.379070868741,427.66534295745,127.778645743434,155.785673581178,149.422189164482,0.00100329773991166,-1.5252021581067,4.65003127383996e-06,0.347430867687405,2.99857016607016
"FBtr0332203",1089.77065756794,1174.74265635392,1114.6611074412,516.150042489759,504.689101946628,418.769941190143,0.00100329773991166,-1.23666619694268,4.74860140412139e-06,0.424352123818436,2.99857016607016
"FBtr0089361",498.767433272175,577.63377675474,505.685262604305,208.883248218672,176.387418641435,186.677749476027,0.00100329773991166,-1.46801587992755,5.01478552238646e-06,0.361479094768231,2.99857016607016
"FBtr0332500",1692.02873558347,1811.26124079085,1557.78849065215,801.980110245868,745.83077289993,836.437098257805,0.00100329773991166,-1.08526144982533,4.79434257148899e-06,0.471306848479718,2.99857016607016
"FBtr0302938",320.719053829858,351.874735183917,376.106658400413,115.739441304952,87.1630480954749,87.8166668545085,0.00100329773991166,-1.8606664328576,5.07513470054235e-06,0.275349055929963,2.99857016607016
"FBtr0087390",729.754900506666,719.624717210892,839.995937068382,343.283874660465,311.677354086017,313.915382858901,0.00111272702715264,-1.23834020249192,5.87884108320304e-06,0.423860019930917,2.95361136319582
"FBtr0090022",2412.79158702004,2648.2526629991,2416.49048770814,1321.33444044815,1230.14225946794,1117.30835925542,0.0010473954527653,-1.02933074517862,5.41593871708674e-06,0.489937374159063,2.97988931590639
"FBtr0306255",1168.85916452579,1297.59940025267,1174.55537707178,580.181270693861,506.602766460301,594.430312626237,0.0011240875880895,-1.11622855155715,6.02935199379726e-06,0.46129816174439,2.94919984753749
"FBtr0087789",212.552009589576,216.049241945313,229.938893218063,75.2563734154505,66.6432503494954,81.739521837073,0.00114153755676466,-1.56132427214217,6.28769562516506e-06,0.338839912661845,2.94250979558213
"FBtr0085755",376.708316438946,447.039516411745,435.844543826912,82.0819296959832,38.5749755121406,52.3332590836756,0.00117017199304631,-2.92982570734213,6.51118633720687e-06,0.131230438505475,2.93175030052627
"FBtr0079077",129.480668147069,134.701242839407,143.54244328471,46.7419735187568,42.4133377139279,41.8373472177841,0.00111272702715264,-1.63591269691375,5.86214976626946e-06,0.321766782595259,2.95361136319582
"FBtr0078144",4648.77876893204,5621.41044519508,3535.8685261194,858.08427199841,1033.79470092813,936.568126657678,0.0011240875880895,-2.26647314644454,6.12840018236742e-06,0.207837351051808,2.94919984753749
"FBtr0089877",600.772952571413,577.678210556484,571.294609963683,259.568944079233,265.512056041907,300.118386673216,0.00120045003163746,-1.08840671193213,7.03572277890976e-06,0.470280457725778,2.92065591260467
"FBtr0080565",1436.58460166471,1213.56236989276,1473.97177360238,555.054308466559,572.664313144278,615.912308461433,0.00118519485753719,-1.23917417190887,6.79461979928018e-06,0.423615072707431,2.92621024155586
"FBtr0334282",154.652685881357,170.969875509365,182.627934925728,31.2153103818945,15.7969258861206,21.3425443013038,0.0011240875880895,-2.95269783117212,6.12294403053509e-06,0.129166349192753,2.94919984753749
"FBtr0075077",364.674718312228,394.398277119808,301.01255072757,86.7117612341619,82.5546796267915,102.588284182521,0.00123245473071649,-1.96001179068808,7.65092939594366e-06,0.257026356060708,2.90922902382444
"FBtr0301915",1824.73359081668,1905.2954020656,1617.08374450954,745.006299112099,874.589955340834,809.015591333477,0.00123245473071649,-1.1390627460934,7.37257673081145e-06,0.454054460568605,2.90922902382444
"FBtr0073339",887.724182929409,773.591261118116,985.449548139764,334.955142970056,349.410494766482,320.708390058694,0.00125010108458151,-1.39070130268554,8.15038926548196e-06,0.381379366382709,2.90305486803115
"FBtr0290076",1339.30402607086,1317.60311462532,1154.65404406749,542.676995829045,631.989202578053,591.316706950462,0.00131875586993307,-1.10947790068114,8.82036581171508e-06,0.463461723537579,2.87983559425957
"FBtr0075204",282.201718820038,330.604203947482,278.057775007473,114.720659719572,105.319982911137,97.9773407224443,0.00142762989616102,-1.48710543076827,9.98375814097341e-06,0.356727556169623,2.84538436601071
"FBtr0110971",143.370119764207,145.518887455917,119.069672045647,24.5029552280732,30.6645680380614,36.5269606033483,0.00142762989616102,-2.17510041856556,1.02641966555988e-05,0.221426466884153,2.84538436601071
"FBtr0307520",1935.74901181374,2218.9616852071,1856.23811660309,932.893531069804,905.070904272364,1028.09520084502,0.00142762989616102,-1.0668228056763,1.02706816909192e-05,0.477369134779971,2.84538436601071
"FBtr0081352",303.965482846694,356.148134618197,307.621499459771,129.426722025109,102.566212017512,106.01723872446,0.00166878423195393,-1.52305205447013,1.27301218740073e-05,0.347949043239469,2.77759981246965
"FBtr0309828",924.275391416156,1143.66975512156,906.736157215954,408.653041787428,395.730027973389,412.97837483299,0.00166878423195393,-1.28257947102118,1.27559945787845e-05,0.411059895408623,2.77759981246965
"FBtr0073423",1261.61240274665,983.453311102183,1247.06990087662,163.914350526191,304.410196890592,219.028635009049,0.00174961909011576,-2.38461403565253,1.35705617376335e-05,0.191495973721356,2.75705649135205
"FBtr0307289",671.549110143208,794.878171954008,751.357544741384,246.168243544381,251.371839843207,167.126117734621,0.0018202229613362,-1.75843407427988,1.48343260675444e-05,0.295568806717962,2.73987541149444
"FBtr0335024",4613.05326926942,5144.48693693126,3393.69846582778,872.99466785253,1226.73756438844,1054.19367472823,0.00181997900958211,-2.0532062623664,1.47300459408624e-05,0.240948001093959,2.73993362084747
"FBtr0079708",553.767127308778,557.619502363837,635.359556488296,285.945402310697,245.210207098215,280.282993515772,0.00210816966508945,-1.10790122481834,1.84844012901278e-05,0.463968503094513,2.67609444011652
"FBtr0333020",1527.74647541936,1596.54512052375,1916.35130583216,692.030687999747,608.261791866614,501.247198039157,0.00204178521622832,-1.48886485764944,1.76728261746381e-05,0.356292777179511,2.68998994506639
"FBtr0087431",454.958294560632,466.900655463315,466.544272430146,209.28260794063,245.431386306238,192.134157000878,0.00226344968583126,-1.10911104189495,2.07695484955978e-05,0.463579590876097,2.64522915498305
"FBtr0085423",455.848784510488,470.024231830795,469.678915923928,187.124818890314,170.78018732652,232.646066762434,0.00229078494551276,-1.25115003452741,2.15018595942351e-05,0.420113183750048,2.64001567962812
"FBtr0336904",164.921824327794,147.236467259083,183.570754246505,63.3980815036211,57.0892434719657,55.7007055932073,0.00233907095461721,-1.48162176325743,2.2480953981539e-05,0.358086053751808,2.63095660387219
"FBtr0304995",1328.1110750679,1282.50215982184,1359.46230420643,759.694592175925,614.43824686096,608.023140929959,0.0022120814550708,-1.00955295376191,1.99598775491479e-05,0.496700135769386,2.65519888512663
"FBtr0078083",1546.34029599429,1303.76855352456,1413.55893595169,509.778675172118,565.805443245902,692.676532554045,0.00226344968583126,-1.27930800876199,2.08636324458367e-05,0.411993074458297,2.64522915498305
"FBtr0306107",1360.32888687875,1583.30507136667,1210.33584505967,513.934470263726,618.657523880912,514.91804182998,0.00229078494551276,-1.33094960558021,2.12698254852015e-05,0.397506510432515,2.64001567962812
"FBtr0072967",102.859440839531,111.315480417831,100.862090601872,39.4857780394923,44.4610687735746,37.4713367506182,0.00248370979525859,-1.38561561413906,2.48082094091903e-05,0.382726150887826,2.60489914991279
"FBtr0085094",56500.381261451,64320.8797406034,76432.1571775579,22084.4714107497,14055.691377416,15151.8433052404,0.00215794221013343,-1.9616193601271,1.91633806880105e-05,0.256740115666904,2.66596018993866
"FBtr0086670",371.177054353283,406.675685488914,375.282749374532,195.08205827473,165.600317265829,192.990968802412,0.00254420306983072,-1.06257722079039,2.68219381806445e-05,0.478776012998689,2.59444822769845
"FBtr0076771",617.548290680487,704.057455614195,696.017294786041,304.386545005534,319.724428849084,243.202424852312,0.0025376750831749,-1.22532175560046,2.63865720766275e-05,0.427702114372704,2.59556398453346
"FBtr0344980",1949.16336209235,2485.89169961296,2125.96674744941,970.550904814431,794.36776009765,709.68637716795,0.0023539204641327,-1.41181125463593,2.27559757099159e-05,0.375839536754123,2.62820821548232
"FBtr0308034",293.702412299506,310.147902083403,275.590820908457,119.57708205889,117.850349129,145.53670467144,0.00273353531163925,-1.20533363235638,2.98058594007427e-05,0.433669043268786,2.56327531154707
"FBtr0100595",311.187577941854,311.537752869987,341.406322612913,125.887731274441,102.377576267824,145.008269072856,0.00275293851958786,-1.38016152039522,3.06919165005187e-05,0.38417578159003,2.56020348744498
"FBtr0081484",360.37303999837,379.543345576528,404.737248375398,166.189088216851,128.091218911903,106.71822536552,0.0027568418867282,-1.53317691382277,3.14545246743381e-05,0.3455156793733,2.55958814129015
"FBtr0343424",217.961756830569,232.78594938305,214.929709893031,112.7753596157,102.414635256571,98.6389608085066,0.00276492188530365,-1.08725034393369,3.19446683973467e-05,0.470657554241834,2.55831713389303
"FBtr0087621",14262.3887777531,17284.4344937874,12080.1603314134,5751.2485625595,5932.49058628241,5031.12645812562,0.00244551475550735,-1.37257852642876,2.40537928402533e-05,0.386200375887292,2.6116297124313
"FBtr0303756",286.557316695906,309.72709988914,257.056874132994,128.793828795312,133.500028862113,121.621273600369,0.00286585276345549,-1.15229313752886,3.40519680402835e-05,0.449909539636008,2.54274612575353
"FBtr0080838",940.632959348415,1076.01195904295,743.088379557214,274.705993126513,318.422991741855,305.022717916595,0.00275293851958786,-1.60695097207297,3.09458017040003e-05,0.328291437681323,2.56020348744498
"FBtr0081354",575.131767114424,662.615233224244,530.021114361542,280.146830374362,247.541073634351,271.945225314138,0.00276492188530365,-1.14097582699107,3.20933314420107e-05,0.453452762209357,2.55831713389303
"FBtr0332042",904.788338149466,1028.60769339274,820.560239989205,409.466848736783,382.966815748617,458.814579291181,0.0027560370506874,-1.13687597954117,3.11781889152539e-05,0.454743215962145,2.55971494830254
"FBtr0087307",1008.00750462197,1180.94769152998,1209.24303544664,499.505880362557,435.267830081974,339.126049908701,0.00276492188530365,-1.42788857903295,3.20814621545805e-05,0.371674449836772,2.55831713389303
"FBtr0080932",343.339567347124,316.899400081966,435.912817133258,110.87271159981,82.0314635760759,116.898485144483,0.00297601975746165,-1.82183871477749,3.76992795839111e-05,0.282860236133554,2.52636418988419
"FBtr0300599",608.251476578612,493.805876068898,640.928578768523,230.848912481308,239.479634082806,257.02969927633,0.00292591120484058,-1.25462603735423,3.60256660473105e-05,0.419102189217286,2.5337388579212
"FBtr0310438",237.754683687338,266.480411466481,264.259559481554,131.753107202847,121.566360089317,117.086916505313,0.00306737514707696,-1.05181026975362,4.05144536624936e-05,0.482362524091826,2.5132331055493
"FBtr0088996",601.31570108793,545.760805711191,710.610415342112,252.476207172161,261.434260815612,286.154816161314,0.00299206270774117,-1.20946543269906,3.8737645609517e-05,0.432428815472155,2.52402930875524
"FBtr0333662",552.158356675227,746.861781067105,511.06742820131,187.773741657424,132.482468761591,140.598734729974,0.0030941734624265,-1.9733170765458,4.10423188586249e-05,0.254666822147135,2.50945534297571
"FBtr0299967",164.284397580023,167.527139469446,170.206642858874,85.092002200225,82.6950893882031,81.4804684624876,0.00315571934247561,-1.01104700636951,4.31470552265739e-05,0.496186020181639,2.50090162822374
"FBtr0084054",28.2020193496097,26.49207293293,25.6757965519742,5.2891517771717,6.77363685558134,8.72006562729985,0.00292591120484058,-2.00251062920447,3.60954782883622e-05,0.249565319444351,2.5337388579212
"FBtr0085382",25.8225264290659,30.2291058676711,23.0668201112167,7.07296415428142,7.46034001544722,6.61914748541447,0.00299206270774117,-1.86680764864175,3.8383994545269e-05,0.27417945045352,2.52402930875524
"FBtr0112920",23.488848620773,23.2364932746539,23.3471173015849,8.01787666399355,8.46994048297857,8.54531716830208,0.00315571934247561,-1.47373162750062,4.28930741228922e-05,0.360049800454292,2.50090162822374
"FBtr0310034",134.511469855041,139.494938552411,121.808406587961,61.6437744911468,57.798404841094,58.2315679606149,0.0034630654259472,-1.15721266705852,5.0801488094212e-05,0.448377979753142,2.46053930346658
"FBtr0082139",291.05881947385,269.057856821569,229.382257704833,45.18902040886,73.0887481340486,82.2135631327967,0.00347568975446283,-2.01767529440509,5.14952932322457e-05,0.246955791142492,2.45895899630223
"FBtr0113011",221.008441515724,287.510700180679,201.113533763244,82.2285139334198,63.3323659598987,65.6044806055673,0.00347568975446283,-1.73575999610983,5.25494910044122e-05,0.30025080184565,2.45895899630223
"FBtr0306244",299.573841594117,273.1225597532,293.280445146697,104.825182272013,101.902085388895,142.907719435803,0.00347568975446283,-1.32497308126397,5.17438115508159e-05,0.399156640831296,2.45895899630223
"FBtr0305668",457.984762175616,423.087159762847,401.382812365634,188.959379109925,216.896622166398,231.803886442168,0.00345395127475657,-1.01332976298342,5.04736584665417e-05,0.4954015326399,2.46168379336196
"FBtr0303445",31.0343061223872,31.2515614808703,28.6188206290013,11.2580907854183,11.7932103352148,11.893436711541,0.00345068275428986,-1.41227760878441,5.00859272691865e-05,0.375718065482426,2.46209496664146
"FBtr0345487",153.702075329211,171.346401076739,135.377555322752,49.2420079388737,62.0397967702135,43.2028065571139,0.00361806471532063,-1.590634779123,5.71423215492973e-05,0.33202533177486,2.44152366930172
"FBtr0334309",419.990061694291,339.17532329356,411.891693732039,71.0281218522926,138.967493990216,87.0862204116839,0.00365889525056446,-2.03300823359483,5.79928316467613e-05,0.244345047098803,2.43665002362436
"FBtr0303994",90.3471831663757,88.3922943197676,76.5731932595939,23.1524874980532,34.7443520543382,25.598691440765,0.00368631195097438,-1.63666687394449,5.94633278962257e-05,0.321598621138724,2.43340791576527
"FBtr0081958",49.3324758789659,38.3350730815564,51.6277796561962,2.54873511411781,7.51252671012065,5.71944116438889,0.00361806471532063,-3.30469113231602,5.71118620146392e-05,0.101201941150234,2.44152366930172
"FBtr0332046",804.722510010896,839.235132717061,747.306709214324,354.560595935079,364.490317754934,461.297302405921,0.00348491822204835,-1.02768853840978,5.29846106117157e-05,0.490495382986534,2.45780740870797
"FBtr0112532",107.401122657906,76.6795074052834,119.051584270901,4.6512333117962,13.4319044916566,11.6960160640621,0.00375582329604256,-3.48961261342484,6.26263195964191e-05,0.0890270391922974,2.4252948486101
"FBtr0089359",330.567050434154,273.857488162919,276.219512191172,63.0139231545521,96.2353929739889,108.478074319703,0.00387024409850562,-1.75429465945494,6.67121875785261e-05,0.296418077538993,2.41226164291626
"FBtr0336616",506.432062451159,688.891018412504,523.790342986788,228.175770340535,188.29832803882,163.092437176021,0.00375582329604256,-1.56738038828884,6.31177588532332e-05,0.337420518546423,2.4252948486101
"FBtr0310647",1178.76131898259,1544.05378655718,1155.81129125735,496.535937757995,389.154470116218,303.983718875611,0.00361806471532063,-1.72038849950705,5.71016903376015e-05,0.303466990276747,2.44152366930172
"FBtr0085209",256.392481404316,236.111538408535,308.28332514497,109.663680266544,104.412380852781,121.524523338311,0.00406417504104234,-1.25299321554403,7.26398191912918e-05,0.419576791661583,2.39102759557608
"FBtr0303387",26238.5673778673,30084.9695143966,22641.6406779516,14041.3924570006,12150.5936406096,12288.1264565714,0.00340548363904875,-1.03090899149984,4.89997645906295e-05,0.489401696802443,2.46782120185558
"FBtr0081004",148.931960806355,156.171607780235,160.573338129163,77.3888684567359,75.055537008287,63.0021299628461,0.00426140662822396,-1.11398541307253,7.83205916945388e-05,0.462015957591234,2.37044702295325
"FBtr0336620",110.940457530699,106.746786027714,101.66780259007,41.4944283179957,39.4950997336334,51.9476996176748,0.0042718855348722,-1.28075352108437,7.93651596212347e-05,0.411580483580394,2.36938039273965
"FBtr0299526",381.382128119948,398.918249288085,311.275722706023,149.164599002241,174.181099024259,152.129032042505,0.00414643708967451,-1.19465679810334,7.50423079403773e-05,0.436890367196342,2.38232491940851
"FBtr0343580",684.764608241762,869.673396798467,674.939135488956,343.676247740887,328.843672427852,275.035811048195,0.00389327630266064,-1.22951986625372,6.82221024029152e-05,0.426459349370878,2.40968477366105
"FBtr0308253",1398.6177113167,1654.42131958223,1412.49012628206,827.13111801805,760.094165831661,643.636051359575,0.00371752705298296,-1.00446361735479,6.03847413619646e-05,0.498455418763595,2.42974586237064
"FBtr0335012",857.340071517942,920.581849064278,726.546077842608,350.254168243126,424.436839478016,413.431704336188,0.00389327630266064,-1.0750883093986,6.79145624511813e-05,0.474642006079289,2.40968477366105
"FBtr0308631",370.232498288615,392.474641418946,300.355299748062,107.079113544318,152.088669425469,134.403580452491,0.0042718855348722,-1.43964152223477,7.99537928907624e-05,0.368658896513811,2.36938039273965
"FBtr0081008",383.6346606129,307.00647576594,359.988872446338,158.370285792745,172.761803910372,175.909166348866,0.0042718855348722,-1.04562208963488,7.99017897127921e-05,0.484435974789103,2.36938039273965
"FBtr0087004",422.511543708932,510.819390615214,474.219658812302,223.914364705511,173.948165704752,230.370487015203,0.00426140662822396,-1.16792422418777,7.81751182863449e-05,0.445061242315849,2.37044702295325
"FBtr0273370",2002.94393812025,2639.84338316184,1897.05759049064,916.801843006454,940.365885041732,762.139096986054,0.00375582329604256,-1.3101735851288,6.29616855321538e-05,0.403272354944945,2.4252948486101
"FBtr0332529",1228.09887771103,1495.93077616898,1468.25416225558,708.950606710947,545.268524307948,693.1509279739,0.00387024409850562,-1.10992412022854,6.62229434326801e-05,0.463318398929202,2.41226164291626
"FBtr0329957",985.426303832385,1167.27214155856,1284.14067686635,578.481205577764,440.819769342241,438.708018896839,0.00416372774536061,-1.24007916509614,7.5592070546298e-05,0.423349425064135,2.38051767554794
"FBtr0082158",140.055829407993,108.07736018641,129.674115353859,27.3054591907193,43.1282367001008,42.5051408259146,0.00484412939249325,-1.75876295643158,9.99210592988434e-05,0.295501435427879,2.3147842648487
"FBtr0080262",155.605810065056,185.546167816836,164.022260616737,75.9733336720226,81.484003574607,62.3520862474996,0.00484025578861767,-1.20549971413465,9.92085695046491e-05,0.433619122545208,2.31513168698165
"FBtr0302592",321.685888909512,349.011323728785,273.091296406899,133.784559589202,124.821517367751,156.201697525068,0.00474309166550544,-1.18333877046848,9.49044870121367e-05,0.440331277303097,2.32393848204463
"FBtr0111030",2247.04899087711,2067.47664707319,1637.90540189714,230.044622605489,480.166792675168,509.395990887268,0.00426302341348142,-2.36158798149467,7.85899100506917e-05,0.194576855304703,2.37028228210355
"FBtr0073393",25.793843780801,22.4759733591368,28.1570662556323,6.81754455611821,7.63235947652593,9.55954526229098,0.00484025578861767,-1.70378296350563,9.95691107595586e-05,0.306980099049224,2.31513168698165
"FBtr0308627",301.07522014085,401.86363955173,277.414677187612,125.368846745202,124.615342402473,114.782354833414,0.00508884312349673,-1.40995744174189,0.000107542997663825,0.376322787886363,2.29338093714986
"FBtr0310653",117.890396775945,161.875287237871,123.541292261552,37.0012442086457,15.7285888767467,27.4201052323564,0.00554173054587147,-2.40493294237462,0.000121043410990467,0.188817849396833,2.2563545946285
"FBtr0085377",189.432529940101,244.45606142631,236.022432467104,101.499282760904,67.4180440238954,69.6834701836741,0.00573431813918308,-1.50553352070595,0.00012992917435049,0.352199918220654,2.2415182161229
"FBtr0075354",84.0678267853614,78.9328804689583,80.2724003942457,35.9549086191693,41.2609700670641,40.6313027781433,0.00594689255783682,-1.04134908545372,0.000139424631201239,0.485872914263999,2.22570990780308
"FBtr0088774",3478.50726829617,4727.52819319526,3994.07401244463,1951.08318210522,1456.26629665886,1330.61993257599,0.00455462274671176,-1.37290085148588,8.8829479154057e-05,0.386114101137663,2.34154758923027
"FBtr0332930",276.055377209877,315.13667835158,226.80525567229,111.978687823849,122.859997709729,103.603977574993,0.00575963819684071,-1.25900616894651,0.000132725475534211,0.417831692813853,2.23960479679392
"FBtr0084958",49.497936183133,54.0735006721043,47.9617244810175,21.5656303208358,23.1357136422417,17.859809146036,0.00603938091989486,-1.28324401479491,0.000146639644637735,0.410870593870892,2.21900757741417
"FBtr0290327",802.30945220146,944.31244918539,912.752974789491,422.619521798756,272.257373377866,399.245711816766,0.00534673015892026,-1.30465362469274,0.000113894487985093,0.404818289052801,2.27191173350749
"FBtr0089937",61.0684468494106,62.6833024816172,66.6250648498181,24.6745355451512,18.2928993045725,28.4226778482487,0.00613945823656384,-1.44221629428046,0.00015079301257667,0.368001539227654,2.21186995056105
"FBtr0087415",197.718113020563,172.93905462979,157.548969112126,82.3792613753124,86.8436573349549,89.3917758494152,0.00606633279182378,-1.02958722724918,0.000147975968505593,0.489850280920819,2.21707376849152
"FBtr0111027",204.876200435985,174.066982837399,177.840472226414,43.6184175637684,76.9525858732643,67.909818270108,0.00613945823656384,-1.59294590337179,0.000151139990311093,0.331493869842506,2.21186995056105
"FBtr0289981",670.004611134975,838.743537072411,737.870795411208,387.545603600748,269.491976638411,340.244739916678,0.00554173054587147,-1.1822115027849,0.000121786007387351,0.440675470066172,2.2563545946285
"FBtr0301450",358.463826117948,510.937922408688,389.145635910619,182.622944633773,143.38604991884,153.239784067351,0.00591551696855693,-1.38340754143538,0.000137708474967299,0.383312369169578,2.22800729553633
"FBtr0081211",123.68604968014,181.438268024312,127.465652600411,46.7702162551965,25.4018572776054,37.9869938185847,0.00627352118657684,-1.99816609625629,0.000155498136425381,0.250317993370577,2.20248863099417
"FBtr0078937",518.775702849794,633.971736091341,661.840123323689,316.396244949717,231.714805081095,263.205343864455,0.00571374848814719,-1.16440158132764,0.00012886736567356,0.44614928058334,2.24307888061653
"FBtr0070399",27.2769097388315,25.910853699407,28.8198561401413,10.4265649008188,11.0762622380555,13.0233265208866,0.00661894715530987,-1.24909624747298,0.000169640282307852,0.420711672989019,2.17921108624054
"FBtr0077235",274.616502028238,266.519280767056,230.821644008088,98.1850181838267,106.275621903757,139.3018567598,0.00637392518237176,-1.17944691647368,0.000160136272286431,0.441520730750218,2.19559303861469
"FBtr0337056",713.367173680617,694.193343949694,496.14183146636,124.073668745875,214.160251045719,200.451554844959,0.00613945823656384,-1.84352592334484,0.00015083372551747,0.27863996011791,2.21186995056105
"FBtr0082183",1331.42197020301,1465.59368170409,1407.27055128739,646.466538189985,463.250459300597,738.62211272657,0.00563433268128977,-1.21104314368891,0.000125087759055163,0.431956175889369,2.24915751351233
"FBtr0074916",464.262301861106,506.221169840098,723.80900970652,158.684389764402,68.4354229259177,58.409236519406,0.00664987056975188,-2.68378322565794,0.000171927199190651,0.155632662488887,2.17718680753743
"FBtr0300552",21.1721161599419,20.8193527195882,20.9200085115764,9.32329125097187,9.75531605175975,8.91615986236456,0.00714295087635998,-1.1925340801097,0.000193009972380568,0.437533661597625,2.1461223366036
"FBtr0113190",38.1176660087897,33.8407196505565,32.0933500821397,5.81579428262432,9.07862599121076,12.0234103126559,0.00727214340774341,-2.03406284340971,0.000199869499010034,0.244166496181707,2.13833756535024
"FBtr0335133",17.5652459660879,19.3770708864215,18.5668548882138,8.35580013641393,7.65579048930229,7.72306847428561,0.00725785117854588,-1.2473729557116,0.000198660832056646,0.421214511164522,2.13919194120558
"FBtr0111029",592.716599252632,534.260336187831,440.810372385163,211.589977697159,232.765354236313,270.924097122388,0.00664987056975188,-1.13050398165688,0.000171927858705366,0.456756137037802,2.17718680753743
"FBtr0100375",502.684871748573,684.82858340454,691.843879110167,250.106378119262,134.416846070913,127.542053535188,0.00700386572444249,-1.93262743633472,0.000186037525516905,0.261951669821236,2.15466218864408
"FBtr0310624",46.1754819209195,52.5597149939186,47.4259142034399,25.2602051650696,22.9284879223529,23.1087156844291,0.00767741329089172,-1.06214103647003,0.000226631637157237,0.478920787990364,2.11478507980185
"FBtr0084447",172.929541981882,192.087451647688,153.613733929201,46.3097965136382,27.6550908288503,64.509234945447,0.00767741329089172,-1.98745462784818,0.000227195715917978,0.252183426885521,2.11478507980185
"FBtr0307057",221.146140138812,239.595045958676,332.27577754937,108.519509731558,74.7557131920233,80.5858009883578,0.00759312857911807,-1.58352553580169,0.000218090950463697,0.333665508127765,2.11957924588414
"FBtr0085156",914.088864679563,1228.92621916365,1259.01977994543,305.211830655158,74.8731227493744,85.9928185165096,0.00727214340774341,-3.15775115642204,0.000199844210376946,0.112052663208189,2.13833756535024
"FBtr0332089",78.796819019551,104.422722467696,78.1684489139769,38.1466840066576,33.2144010266733,38.819251937324,0.00792898666274685,-1.23885574109229,0.000238499907077473,0.423708583101131,2.10078231266954
"FBtr0303857",15047.7474629144,19865.8972925914,16184.5381253896,8146.63644786232,6111.15475874543,4976.36824331041,0.00596516892079398,-1.42948693436325,0.00014237645878238,0.371262901408199,2.22437725353094
"FBtr0310625",88.6641344126237,84.9835125111471,93.7118897822232,41.236257185497,38.0066040549634,49.3452881165687,0.00844110668345389,-1.05480799654513,0.000257616958695788,0.481361280049953,2.0736006108377
"FBtr0303384",1306.48695693108,1791.6507096422,892.53755745758,309.304817313578,295.946277696146,277.33759958021,0.00714295087635998,-2.12152191072022,0.000192991206902756,0.229804362255663,2.1461223366036
"FBtr0309301",291.936541807282,289.490866710142,292.816998663684,107.955769710479,152.040700522249,82.2109715754644,0.00784613797627472,-1.39642863009656,0.000235489977480367,0.379868337028356,2.10534405896357
"FBtr0304997",851.93927127268,1157.11936995621,808.854432704709,432.440523069414,425.755079779498,364.848407383854,0.00714288372198642,-1.19035247047037,0.000191097833389475,0.438195790251082,2.14612641963756
"FBtr0334011",36.9861150450375,34.6982414085093,32.9993631321092,13.0700989551521,16.9552392875059,10.5611871811059,0.00882982752304108,-1.39581211635134,0.000275435829321482,0.380030702664386,2.05404777960738
"FBtr0113291",53.6999418383718,60.0036052372192,63.8539189510241,29.187339007712,21.8678707644008,26.4811002617763,0.00893577686178609,-1.20236428065785,0.000281842135104174,0.43456253910147,2.04886768466695
"FBtr0089649",205.195773216776,187.542945266048,142.334233356986,42.4520985421369,74.3106838709958,55.6642039903477,0.00870543997288576,-1.6593496035606,0.000269598551318573,0.316581837895725,2.06020927475138
"FBtr0306930",115.140873850026,110.745085631106,153.938912520054,59.7848203740237,49.5384567734904,51.68844180258,0.00910687667912408,-1.2252449146115,0.000299591209558044,0.427724895298515,2.04063054438809
"FBtr0302645",708.221073733346,932.000255861415,595.275274687747,317.508403908406,288.708807194005,277.366651279035,0.00779340837675546,-1.31689800187731,0.000233031320617913,0.401397072011874,2.10827256601353
"FBtr0308562",289.50777900028,236.709213885361,231.126612552907,41.6611150010069,96.374243114673,78.691843345649,0.00909914259560194,-1.87920368819226,0.000294576558850422,0.271833715917508,2.04099952894727
"FBtr0332057",15712.4364933215,16290.0947799904,14398.1043030019,7333.60791475787,8744.30879954592,5665.72878709919,0.00675354712210523,-1.11441350408465,0.000175387419142881,0.461878883898018,2.17046806554915
"FBtr0080261",941.067639856644,1053.00985900553,840.380204196183,349.496806492628,528.357801884398,340.43444295061,0.00767741329089172,-1.2426873635989,0.000228244559752571,0.422584757686272,2.11478507980185
"FBtr0339643",4324.49548860448,5418.72703042873,5409.90396373965,2387.79135467185,1286.0470643655,1555.44414228331,0.00719975696892904,-1.57621634615105,0.000196261360720019,0.335360261917073,2.14268216312907
"FBtr0308633",148.773908117964,197.680512436566,140.675052360268,74.391580644958,64.2019840448573,74.4811060915826,0.00991575868439131,-1.17501703958844,0.000343341362163668,0.44287852870737,2.00367405101601
"FBtr0302692",1246.53723104178,999.863728744047,956.211633916723,230.782364234142,414.418655042077,434.922426047135,0.00854916339749489,-1.61476687213512,0.000263317307881475,0.326517705133074,2.06807638230439
"FBtr0074337",1216.92180929559,1994.57321659375,1424.66200420871,420.522664033145,121.781817341782,96.4099942798979,0.00991575868439131,-3.14784358272341,0.0003436280961638,0.112824822758904,2.00367405101601
